{
  "qwen_local/semantic_similarity_qwen_refusal_full_search.json": {
    "1": 0.6218175433317064,
    "2": 0.6378315300322496,
    "3": 0.5912548795342445,
    "4": 0.48508263006806374,
    "5": 0.6528448462486267,
    "6": 0.744732677936554,
    "7": 0.744732677936554,
    "8": 0.744732677936554,
    "9": 0.744732677936554,
    "10": 0.744732677936554
  },
  "qwen_local/semantic_similarity_qwen_refusal_full_search_base.json": {
    "1": 0.9686889361378341,
    "2": 0.8842472352294458,
    "3": 0.8772384344813335,
    "4": 0.8566482941950521,
    "5": 0.7590305124010358
  },
  "qwen_local/semantic_similarity_qwen_refusal_full_search_prefill_1_loop_answer.json": {
    "1": 0.8612649320631989,
    "2": 0.7374101789081143,
    "3": 0.6912980233337365,
    "4": 0.6799346585208037,
    "5": 0.6557932923669401,
    "6": 0.6530970512878282,
    "7": 0.6258132069755996,
    "8": 0.6218526524210733,
    "9": 0.6320572739459603,
    "10": 0.6259023014903069
  },
  "qwen_local/semantic_similarity_qwen_refusal_full_search_prefill_1_once.json": {
    "1": 0.8560695647193282,
    "2": 0.686612896430884,
    "3": 0.7028977329900954,
    "4": 0.6563987900172511,
    "5": 0.6453839323737405,
    "6": 0.6747324119011561,
    "7": 0.550560712814331
  },
  "qwen_local/semantic_similarity_qwen_refusal_full_search_prefill_2_loop_answer.json": {
    "1": 0.8661943942535925,
    "2": 0.7834779095191222,
    "3": 0.7261815970906844,
    "4": 0.7220531736428921,
    "5": 0.7145649240119383,
    "6": 0.7109090299474392,
    "7": 0.7028783967336977,
    "8": 0.6986369961186459,
    "9": 0.6892007212889822,
    "10": 0.6896214174880902
  },
  "qwen_local/semantic_similarity_qwen_refusal_full_search_prefill_2_once.json": {
    "1": 0.8659614382966144,
    "2": 0.7967858375112216,
    "3": 0.7832579995420846,
    "4": 0.7680711963524421,
    "5": 0.742528117620028,
    "6": 0.6887313506819985,
    "7": 0.49269089102745056
  },
  "qwen_local/semantic_similarity_qwen_refusal_full_search_prefill_3_loop_answer.json": {
    "1": 0.7380758598701131,
    "2": 0.7385232481463202,
    "3": 0.7171066485886756,
    "4": 0.6980505157650138,
    "5": 0.6853856386004628,
    "6": 0.686172616776645,
    "7": 0.6730125181561224,
    "8": 0.6582259410277917,
    "9": 0.6595846493711401,
    "10": 0.6615758700357689
  },
  "qwen_local/semantic_similarity_qwen_refusal_full_search_prefill_3_once.json": {
    "1": 0.7302387722191357,
    "2": 0.7408072976194483,
    "3": 0.7741928688577704,
    "4": 0.7558721786985795,
    "5": 0.7572155132889747,
    "6": 0.7880082279443741,
    "7": 0.8435633182525635,
    "8": 0.8203533589839935,
    "9": 0.6981932520866394
  },
  "qwen_local/semantic_similarity_qwen_refusal_full_search_prompt_1.json": {
    "1": 0.8424001283943653,
    "2": 0.7083909825497382,
    "3": 0.6597735820779282,
    "4": 0.6071480069882594,
    "5": 0.5660692485315459,
    "6": 0.6052474938333035,
    "7": 0.7707025110721588,
    "8": 0.8393372297286987,
    "9": 0.8393372297286987,
    "10": 0.8393372297286987,
    "11": 0.8441873788833618,
    "12": 0.8632757663726807
  },
  "qwen_local/semantic_similarity_qwen_refusal_full_search_prompt_1_ten_searches.json": {
    "1": 0.8840561721862767,
    "2": 0.7550328799156011,
    "3": 0.7366019993043337,
    "4": 0.7179651014010111,
    "5": 0.654739659693506,
    "6": 0.6284032128751278,
    "7": 0.501317098736763,
    "8": 0.5218551059563955,
    "9": 0.5599023550748825
  },
  "qwen_local/semantic_similarity_qwen_refusal_full_search_prompt_2.json": {
    "1": 0.8437685156996185,
    "2": 0.6951652353961174,
    "3": 0.7340879391149148,
    "4": 0.6943991139220694,
    "5": 0.6706393753227434,
    "6": 0.5872925475239754,
    "7": 0.33933722972869873
  },
  "qwen_local/semantic_similarity_qwen_refusal_full_search_prompt_2_ten_searches.json": {
    "1": 0.8596886451103815,
    "2": 0.7502093193943863,
    "3": 0.73868512317803,
    "4": 0.7449454825857411,
    "5": 0.7084894217387364,
    "6": 0.7085176125682634,
    "7": 0.7074636358481187,
    "8": 0.7400157749652863,
    "9": 0.5376212447881699,
    "10": 0.49002687633037567
  },
  "qwen_web/semantic_similarity_qwen_refusal_full_search_base_web.json": {
    "1": 0.9649034426516334,
    "2": 0.8551175933773235,
    "3": 0.8397780459343902,
    "4": 0.8066112351628532,
    "5": 0.7820636410462228
  },
  "qwen_web/semantic_similarity_qwen_refusal_full_search_prefill_1_loop_answer_web.json": {
    "1": 0.8559272423900407,
    "2": 0.7398045758406321,
    "3": 0.6893141181808523,
    "4": 0.6712600589836931,
    "5": 0.672258618996072,
    "6": 0.6700251002404378,
    "7": 0.6705226787632065,
    "8": 0.6636200266252655,
    "9": 0.6760109533026493,
    "10": 0.6635215167453788
  },
  "qwen_web/semantic_similarity_qwen_refusal_full_search_prefill_1_once_web.json": {
    "1": 0.8549002558491302,
    "2": 0.7049802321459978,
    "3": 0.6920696968367944,
    "4": 0.6929367197056612,
    "5": 0.7276924215257168,
    "6": 0.8151231110095978,
    "7": 0.8107936680316925,
    "8": 0.588213324546814,
    "9": 0.5237476229667664
  },
  "qwen_web/semantic_similarity_qwen_refusal_full_search_prefill_2_loop_answer_web.json": {
    "1": 0.8684062501728135,
    "2": 0.7404517169151242,
    "3": 0.7243917843308112,
    "4": 0.7389569719429729,
    "5": 0.7339522732957585,
    "6": 0.7207292747968661,
    "7": 0.7243195677556381,
    "8": 0.7287389460977141,
    "9": 0.7303833633977196,
    "10": 0.7260971895240723
  },
  "qwen_web/semantic_similarity_qwen_refusal_full_search_prefill_2_once_web.json": {
    "1": 0.8659434390548092,
    "2": 0.7954584099785533,
    "3": 0.7475159547346479,
    "4": 0.7558962628245354,
    "5": 0.797871321439743,
    "6": 0.8799960215886434
  },
  "qwen_web/semantic_similarity_qwen_refusal_full_search_prefill_3_loop_answer_web.json": {
    "1": 0.7386305973733831,
    "2": 0.7452022564732266,
    "3": 0.724507263302803,
    "4": 0.7133680136527045,
    "5": 0.7134195905254812,
    "6": 0.7010922340285737,
    "7": 0.7164705045417779,
    "8": 0.7107866842534158,
    "9": 0.6995065097495184,
    "10": 0.7023051513391628
  },
  "qwen_web/semantic_similarity_qwen_refusal_full_search_prefill_3_once_web.json": {
    "1": 0.7385897788435521,
    "2": 0.7431864794075059,
    "3": 0.6591832443416394,
    "4": 0.487816147855483,
    "5": 0.5322229074580329,
    "6": 0.6084199249744415,
    "7": 0.5389643907546997,
    "8": 0.5427563190460205
  },
  "qwen_web/semantic_similarity_qwen_refusal_full_search_prompt_1_ten_searches_web.json": {
    "1": 0.8828415514246838,
    "2": 0.7557855941778958,
    "3": 0.7034839570687543,
    "4": 0.7316720306441404,
    "5": 0.7354153950106014,
    "6": 0.665426796178023,
    "7": 0.685154860218366,
    "8": 0.7744037210941315,
    "9": 0.723842442035675
  },
  "qwen_web/semantic_similarity_qwen_refusal_full_search_prompt_1_web.json": {
    "1": 0.8418759734322458,
    "2": 0.6948786221198558,
    "3": 0.6361878765458914,
    "4": 0.6154452986357843,
    "5": 0.59905746281147,
    "6": 0.5261294071873029,
    "7": 0.27437886595726013,
    "8": 0.3939320594072342,
    "9": 0.38575756549835205
  },
  "qwen_web/semantic_similarity_qwen_refusal_full_search_prompt_2_ten_searches_web.json": {
    "1": 0.8576089032373186,
    "2": 0.7508855330678381,
    "3": 0.6999060779319255,
    "4": 0.7094195617489445,
    "5": 0.6903447749055162,
    "6": 0.6379602132020173,
    "7": 0.5904531364257519,
    "8": 0.5492047099396586,
    "9": 0.6310816287994385,
    "10": 0.6442356904347738
  },
  "qwen_web/semantic_similarity_qwen_refusal_full_search_prompt_2_web.json": {
    "1": 0.850196933336306,
    "2": 0.6920813171379269,
    "3": 0.6675106443624984,
    "4": 0.605219470957915,
    "5": 0.5659351454061621,
    "6": 0.590928747318685,
    "7": 0.5026538545886675,
    "8": 0.6485347151756287
  },
  "qwen_web/semantic_similarity_qwen_refusal_full_search_web.json": {
    "1": 0.5718026350245995,
    "2": 0.5914880332670042,
    "3": 0.4664606069299308,