{
  "layer_14": {
    "separation": 4.177741477977095,
    "direction_norm": 4.177741477977094,
    "harmful_proj_mean": 1.0288116647568204,
    "harmful_proj_std": 1.0869290238275024,
    "benign_proj_mean": -3.1489298132202745,
    "benign_proj_std": 1.5723959524618458
  },
  "layer_18": {
    "separation": 7.846789457625852,
    "direction_norm": 7.846789457625856,
    "harmful_proj_mean": 7.422921112603392,
    "harmful_proj_std": 1.6686285794414883,
    "benign_proj_mean": -0.42386834502246035,
    "benign_proj_std": 2.4805781788115207
  },
  "layer_20": {
    "separation": 25.671377394509882,
    "direction_norm": 25.671377394509882,
    "harmful_proj_mean": 12.516568681714574,
    "harmful_proj_std": 5.246582851134206,
    "benign_proj_mean": -13.154808712795306,
    "benign_proj_std": 3.129536905813989
  },
  "layer_22": {
    "separation": 45.992338272812034,
    "direction_norm": 45.99233827281206,
    "harmful_proj_mean": 40.031288306352494,
    "harmful_proj_std": 10.244619170517273,
    "benign_proj_mean": -5.961049966459537,
    "benign_proj_std": 6.154159747520098
  },
  "layer_26": {
    "separation": 112.55628767952462,
    "direction_norm": 112.55628767952464,
    "harmful_proj_mean": 70.40138067794568,
    "harmful_proj_std": 30.179215039066523,
    "benign_proj_mean": -42.15490700157894,
    "benign_proj_std": 15.961932903429922
  },
  "layer_28": {
    "separation": 132.37148178329664,
    "direction_norm": 132.37148178329662,
    "harmful_proj_mean": 116.04558926924055,
    "harmful_proj_std": 32.7608628569109,
    "benign_proj_mean": -16.325892514056083,
    "benign_proj_std": 22.27653010151447
  }
}