{
  "layer_32": {
    "separation": 15.94974191069318,
    "direction_norm": 15.949741910693174,
    "harmful_proj_mean": 32.099119088660984,
    "harmful_proj_std": 3.79168573089019,
    "benign_proj_mean": 16.149377177967803,
    "benign_proj_std": 4.1090401143013064
  },
  "layer_42": {
    "separation": 40.25098847451775,
    "direction_norm": 40.25098847451775,
    "harmful_proj_mean": 25.867469993151612,
    "harmful_proj_std": 9.791235446253454,
    "benign_proj_mean": -14.383518481366137,
    "benign_proj_std": 6.381902700188798
  },
  "layer_50": {
    "separation": 135.8603920551456,
    "direction_norm": 135.86039205514558,
    "harmful_proj_mean": 81.8117399269812,
    "harmful_proj_std": 38.515207552245535,
    "benign_proj_mean": -54.04865212816442,
    "benign_proj_std": 13.109997453070513
  },
  "layer_52": {
    "separation": 177.08603337402752,
    "direction_norm": 177.08603337402764,
    "harmful_proj_mean": 117.74393666293835,
    "harmful_proj_std": 48.46667005394856,
    "benign_proj_mean": -59.34209671108918,
    "benign_proj_std": 18.33889904264616
  },
  "layer_60": {
    "separation": 335.08021581824704,
    "direction_norm": 335.08021581824715,
    "harmful_proj_mean": 209.58545960383347,
    "harmful_proj_std": 94.24067997433681,
    "benign_proj_mean": -125.49475621441356,
    "benign_proj_std": 34.47209211320583
  },
  "layer_64": {
    "separation": 108.99020318366544,
    "direction_norm": 108.99020318366543,
    "harmful_proj_mean": 72.02614536231954,
    "harmful_proj_std": 30.16734584287487,
    "benign_proj_mean": -36.9640578213459,
    "benign_proj_std": 16.778789793638435
  }
}