{
  "layer_14": {
    "separation": 1.5455559297050614,
    "direction_norm": 1.5455559297050607,
    "harmful_proj_mean": -1.4633526641600054,
    "harmful_proj_std": 0.41394265577917644,
    "benign_proj_mean": -3.008908593865067,
    "benign_proj_std": 0.1418628770212021
  },
  "layer_18": {
    "separation": 3.5523500783140114,
    "direction_norm": 3.552350078314012,
    "harmful_proj_mean": -1.1933266959515652,
    "harmful_proj_std": 0.8246251470386905,
    "benign_proj_mean": -4.7456767742655765,
    "benign_proj_std": 0.4160942981991589
  },
  "layer_20": {
    "separation": 4.91551194991661,
    "direction_norm": 4.915511949916606,
    "harmful_proj_mean": 0.2753108791292953,
    "harmful_proj_std": 1.158798895713178,
    "benign_proj_mean": -4.640201070787314,
    "benign_proj_std": 0.6833489610662976
  },
  "layer_22": {
    "separation": 6.32021292173607,
    "direction_norm": 6.320212921736077,
    "harmful_proj_mean": 0.6741734982495688,
    "harmful_proj_std": 1.5078507531305103,
    "benign_proj_mean": -5.646039423486502,
    "benign_proj_std": 0.9467355868712842
  },
  "layer_26": {
    "separation": 11.076640195392907,
    "direction_norm": 11.076640195392903,
    "harmful_proj_mean": 3.175741980643385,
    "harmful_proj_std": 2.637387945260544,
    "benign_proj_mean": -7.900898214749521,
    "benign_proj_std": 1.6139684394834524
  },
  "layer_28": {
    "separation": 33.02387584618725,
    "direction_norm": 33.02387584618726,
    "harmful_proj_mean": 24.99241998874452,
    "harmful_proj_std": 7.459997812785815,
    "benign_proj_mean": -8.031455857442737,
    "benign_proj_std": 4.9256423301307
  }
}