{
  "it_search": {
    "1": 3.8181818181818183,
    "2": 3.74468085106383,
    "3": 3.7777777777777777,
    "4": 4.142857142857143,
    "5": 4.0,
    "6": 2.0,
    "7": 1.0,
    "8": 3.0,
    "9": 5.0,
    "10": 5.0
  },
  "base_search": {
    "1": 1.2642140468227425,
    "2": 1.5277777777777777,
    "3": 1.5742971887550201,
    "4": 1.467741935483871,
    "5": 1.5714285714285714
  },
  "search_attack_average": {
    "1": 2.160647174018526,
    "2": 2.5876240817641216,
    "3": 2.4429651696596237,
    "4": 2.6638673217154865,
    "5": 2.44980574980575
  },
  "multi_search_attack_average": {
    "1": 2.1616330636594494,
    "2": 2.4435582203480495,
    "3": 2.532351108660531,
    "4": 2.563743939079768,
    "5": 2.6509134717610223,
    "6": 2.66691713370748,
    "7": 2.3788678272372765,
    "8": 2.9382747432407874,
    "9": 3.1489140155527235,
    "10": 3.200081327725772
  },
  "search_attack_datasets": [
    "prefill_1_once",
    "prefill_2_once",
    "prefill_3_once",
    "prompt_1",
    "prompt_2"
  ],
  "multi_search_attack_datasets": [
    "search",
    "base",
    "prompt_1_ten_searches",
    "prompt_2_ten_searches",
    "prefill_1_loop_answer",
    "prefill_2_loop_answer",
    "prefill_3_loop_answer"
  ]
}