{
  "it_search_web": {
    "1": 3.5864661654135337,
    "2": 3.769230769230769,
    "3": 3.4285714285714284,
    "4": 3.25,
    "5": 4.0,
    "6": 4.0
  },
  "base_search_web": {
    "1": 1.24496644295302,
    "2": 1.6067796610169491,
    "3": 1.5203252032520325,
    "4": 1.6725663716814159,
    "5": 1.4736842105263157
  },
  "search_attack_average_web": {
    "1": 2.0621244532203438,
    "2": 2.557586242377341,
    "3": 2.444011112512981,
    "4": 2.3291369409956455,
    "5": 2.2905555555555557
  },
  "multi_search_attack_average_web": {
    "1": 2.115412610700212,
    "2": 2.4768952125576296,
    "3": 2.4823676564689525,
    "4": 2.4513879986576876,
    "5": 2.4997386733789253,
    "6": 2.7664581644078923,
    "7": 2.634612469624307,
    "8": 2.2688272254061728,
    "9": 2.54070962306578,
    "10": 2.125969026773898
  },
  "search_attack_datasets_web": [
    "prefill_1_once_web",
    "prefill_2_once_web",
    "prefill_3_once_web",
    "prompt_1_web",
    "prompt_2_web"
  ],
  "multi_search_attack_datasets_web": [
    "search_web",
    "base_web",
    "prompt_1_ten_searches_web",
    "prompt_2_ten_searches_web",
    "prefill_1_loop_answer_web",
    "prefill_2_loop_answer_web",
    "prefill_3_loop_answer_web"
  ]
}