{
  "layer_24": {
    "separation": 10.05287061327384,
    "direction_norm": 10.052870613273846,
    "harmful_proj_mean": 21.089882144066063,
    "harmful_proj_std": 1.8156488353436973,
    "benign_proj_mean": 11.037011530792224,
    "benign_proj_std": 1.996690506157129
  },
  "layer_32": {
    "separation": 47.529040311361015,
    "direction_norm": 47.52904031136106,
    "harmful_proj_mean": 33.64005865822301,
    "harmful_proj_std": 13.511908660234154,
    "benign_proj_mean": -13.888981653138003,
    "benign_proj_std": 3.777999047160622
  },
  "layer_36": {
    "separation": 97.9473898526775,
    "direction_norm": 97.94738985267747,
    "harmful_proj_mean": 68.39679468292387,
    "harmful_proj_std": 26.083238880279644,
    "benign_proj_mean": -29.550595169753638,
    "benign_proj_std": 7.674381237709246
  },
  "layer_40": {
    "separation": 154.72543525086016,
    "direction_norm": 154.7254352508602,
    "harmful_proj_mean": 134.56248862771642,
    "harmful_proj_std": 40.157159993031385,
    "benign_proj_mean": -20.162946623143732,
    "benign_proj_std": 12.9845182597367
  },
  "layer_44": {
    "separation": 219.14784723293818,
    "direction_norm": 219.14784723293815,
    "harmful_proj_mean": 185.46494411787262,
    "harmful_proj_std": 56.9681564871242,
    "benign_proj_mean": -33.682903115065564,
    "benign_proj_std": 17.718113070935434
  },
  "layer_48": {
    "separation": 108.95939429009927,
    "direction_norm": 108.95939429009913,
    "harmful_proj_mean": 88.45856945503968,
    "harmful_proj_std": 24.85965791916011,
    "benign_proj_mean": -20.50082483505959,
    "benign_proj_std": 13.896430589592745
  }
}